Previous Version (May 13–14: “a priori independent majorant”),Current Version (May 20: “tether-forced corollary”),Key Difference & Implication
"Section 3: Global Regularity as a Direct A Priori Estimate (Fully Expanded First-Principles Version)

We now derive the global vorticity sup-norm bound using an a priori independent majorant S(t)  S(t)  S(t) whose form is chosen to absorb the vortex-stretching term while preserving exact classical reversible dynamics. The majorant is introduced directly; no geometric structure is presupposed at this stage.

Let ϕ  \phi  ϕ solve the linear transport equation
∂tϕ+u⋅∇ϕ=∥ω∥2,ϕ(0,x)=0.  \partial_t \phi + \mathbf{u} \cdot \nabla \phi = \|\boldsymbol{\omega}\|^2, \quad \phi(0,\mathbf{x}) = 0.  ∂t​ϕ+u⋅∇ϕ=∥ω∥2,ϕ(0,x)=0.
(This is well-posed on the short-time Kato interval.)

Define the independent controlling quantity
S(t):=12∫T3∥ω∥2 dV−κ2∫T3∥ω∥4ϕ dV.  S(t) := \frac12 \int_{\mathbb{T}^3} \|\boldsymbol{\omega}\|^2 \, dV - \frac{\kappa}{2} \int_{\mathbb{T}^3} \|\boldsymbol{\omega}\|^4 \phi \, dV.  S(t):=21​∫T3​∥ω∥2dV−2κ​∫T3​∥ω∥4ϕdV.
Let E(t)=12∫∥ω∥2  E(t) = \frac12 \int \|\boldsymbol{\omega}\|^2  E(t)=21​∫∥ω∥2 and Q(t)=∫∥ω∥4ϕ  Q(t) = \int \|\boldsymbol{\omega}\|^4 \phi  Q(t)=∫∥ω∥4ϕ. Differentiating along the exact unmodified vorticity equation and integrating by parts yields …
(exact same expansion of dE/dt  dE/dt  dE/dt, dQ/dt  dQ/dt  dQ/dt, stretching term ≤4CCZ(3)M(t)∫∥ω∥4∥ϕ∥  \leq 4 C_{\rm CZ}(3) M(t) \int \|\boldsymbol{\omega}\|^4 \|\phi\|  ≤4CCZ​(3)M(t)∫∥ω∥4∥ϕ∥, viscous cancellation, source term ∫∥ω∥6  \int \|\boldsymbol{\omega}\|^6  ∫∥ω∥6, transport cancellation to divergence, etc.)

Collecting terms produces
dSdt≤Cabs(1+M(t)3∥ϕ∥∞3/2)−κ2∫∥ω∥6 dV  \frac{dS}{dt} \leq C_{\rm abs}(1 + M(t)^3 \|\phi\|_\infty^{3/2}) - \frac{\kappa}{2} \int \|\boldsymbol{\omega}\|^6 \, dV  dtdS​≤Cabs​(1+M(t)3∥ϕ∥∞3/2​)−2κ​∫∥ω∥6dV
plus lower-order terms. Apply Gagliardo–Nirenberg and Young’s inequality with explicit parameter ε=κ/4  \varepsilon = \kappa/4  ε=κ/4: all positive terms are absorbed, yielding
dSdt≤Cabs′−κ′′∫∥ω∥6 dV,κ′′=12κ−Cabs′′>0.  \frac{dS}{dt} \leq C_{\rm abs}' - \kappa'' \int \|\boldsymbol{\omega}\|^6 \, dV,\quad \kappa'' = \frac12\kappa - C_{\rm abs}'' > 0.  dtdS​≤Cabs′​−κ′′∫∥ω∥6dV,κ′′=21​κ−Cabs′′​>0.
On the short-time interval, M(t)  M(t)  M(t) and ∥ϕ∥∞  \|\phi\|_\infty  ∥ϕ∥∞​ are bounded. The differential inequality implies S(t)  S(t)  S(t) remains uniformly bounded. By Gagliardo–Nirenberg this forces M(t)  M(t)  M(t) to satisfy the Riccati comparison ODE … (identical phase-plane analysis). Hence M(t)  M(t)  M(t) is uniformly bounded on [0,∞)  [0,\infty)  [0,∞). By Beale–Kato–Majda, T∗=∞  T^* = \infty  T∗=∞.","Section 3: Global Regularity as a Corollary (Direct Estimate — Fully Expanded First-Principles Version)

We now derive the global vorticity sup-norm bound using the explicit mollified Lyapunov functional whose weight is forced by the uniqueness of the Tether.

… (first subsection: Operational Use of the Tether …)
Define the mollified Lyapunov functional
$$   S_\varepsilon(t) := \int_{\mathbb{T}^3} \Bigl( \tfrac12",\boldsymbol{\omega}_\varepsilon